<?xml version="1.0" encoding="UTF-8"?>
<root>
  <item name="com.bartoszlipinski.recyclerviewheader2.RecyclerViewHeader int getVisibility()">
    <annotation name="android.support.annotation.IntDef">
      <val name="value" val="{android.view.View.VISIBLE, android.view.View.INVISIBLE, android.view.View.GONE}" />
    </annotation>
  </item>
  <item name="com.bartoszlipinski.recyclerviewheader2.RecyclerViewHeader intendedVisibility">
    <annotation name="android.support.annotation.IntDef">
      <val name="value" val="{android.view.View.VISIBLE, android.view.View.INVISIBLE, android.view.View.GONE}" />
    </annotation>
  </item>
  <item name="com.bartoszlipinski.recyclerviewheader2.RecyclerViewHeader void setVisibility(int) 0">
    <annotation name="android.support.annotation.IntDef">
      <val name="value" val="{android.view.View.VISIBLE, android.view.View.INVISIBLE, android.view.View.GONE}" />
    </annotation>
  </item>
</root>

